{
  "camera_matrix": [
    [
      4280.583232855342,
      0.0,
      1936.8246269548492
    ],
    [
      0.0,
      4286.119915621347,
      1757.617837002525
    ],
    [
      0.0,
      0.0,
      1.0
    ]
  ],
  "distortion_coefficients": [
    -0.5094877590652593,
    0.10974519369557413,
    -0.012911705325707007,
    0.004182428720614226,
    0.20199527088982716
  ],
  "image_width": 4056,
  "image_height": 3040,
  "checkerboard_inner_corners": [
    8,
    6
  ],
  "square_size": 1.0,
  "num_images_used": 8,
  "mean_reprojection_error": 0.405952613614732
}